"title","image_url","price","sku"
"Kuruti B Sheets","https://m.media-amazon.com/images/I/6166-Iid6jL._AC_UL320_.jpg","469","B0DGXSRJTS"
"Leriya Fashion","https://m.media-amazon.com/images/I/61ZPqb-Q-xL._AC_UL320_.jpg","499","B0F4RC6LVF"
"Jockey","https://m.media-amazon.com/images/I/61suyW2WBFL._AC_UL320_.jpg","449","B09MFLRKN3"
"KLOSIA","https://m.media-amazon.com/images/I/61dp9EyE-kL._AC_UL320_.jpg","499","B0FNS1DX58"
"GoSriKi","https://m.media-amazon.com/images/I/61qn8q1L1GL._AC_UL320_.jpg","499","B0FQ5LLC3P"
"Kuruti B Sheets","https://m.media-amazon.com/images/I/81aWOZsZ5dL._AC_UL320_.jpg","469","B0CX21Z98Y"
"SHIENZY","https://m.media-amazon.com/images/I/61Tu3ZWvs5L._AC_UL320_.jpg","499","B0CYCFCDFL"
"Monique","https://m.media-amazon.com/images/I/71J0MIlGDiL._AC_UL320_.jpg","474","B0DDY1K99C"
"LookMark","https://m.media-amazon.com/images/I/61OuMlAJFEL._AC_UL320_.jpg","498","B0D2V1W3R5"
"JAIPUR HAND BLOCK","https://m.media-amazon.com/images/I/71YcNgZS7pL._AC_UL320_.jpg","474","B0D7MHFJQP"
"Leriya Fashion","https://m.media-amazon.com/images/I/61MlqFOtVWL._AC_UL320_.jpg","499","B0DY7VZY8L"
"ANNI DESIGNER","https://m.media-amazon.com/images/I/61FcdOAkayL._AC_UL320_.jpg","359","B0GPLGPX22"
"Priyashi","https://m.media-amazon.com/images/I/71F9welWjSL._AC_UL320_.jpg","499","B0CT2NV5Y8"
"Kuruti B Sheets","https://m.media-amazon.com/images/I/7137zTdCKrL._AC_UL320_.jpg","469","B0DHDDJ34J"
"Max","https://m.media-amazon.com/images/I/610mtig713L._AC_UL320_.jpg","499","B0DPQVBZZW"
"Rajnandini","https://m.media-amazon.com/images/I/81zSpljmDXL._AC_UL320_.jpg","470","B0BN43SYQJ"
"SIRIL","https://m.media-amazon.com/images/I/61d-cxCBDQL._AC_UL320_.jpg","","B0CMX1S7P9"
"JAIPUR HAND BLOCK","https://m.media-amazon.com/images/I/81x2Ovt1bUL._AC_UL320_.jpg","360","B0C3ZRZK3B"
"Max","https://m.media-amazon.com/images/I/61k4VFRIgeL._AC_UL320_.jpg","469","B0DBVDY7YD"
"Amazon Brand - Myx","https://m.media-amazon.com/images/I/91ui1ZX9V0L._AC_UL320_.jpg","469","B09796C652"
"SHIENZY","https://m.media-amazon.com/images/I/81QeS9pyZLL._AC_UL320_.jpg","339","B0CYCBQGDV"
"Kalaanj","https://m.media-amazon.com/images/I/71Uj-ZS2rPL._AC_UL320_.jpg","399","B0DCK8D7XF"
"Kuruti B Sheets","https://m.media-amazon.com/images/I/71+4csqxS2L._AC_UL320_.jpg","455","B0DS8YHHT9"
"Rajnandini","https://m.media-amazon.com/images/I/81acecEDBuL._AC_UL320_.jpg","486","B0DNFWMYLK"
"Libas","https://m.media-amazon.com/images/I/71lI+3xDE7L._AC_UL320_.jpg","439","B0D8FTCVPX"
"Jevi Prints","https://m.media-amazon.com/images/I/614Ei7CJUOL._AC_UL320_.jpg","499","B0BSLPNJYN"
"FABNEX","https://m.media-amazon.com/images/I/512vTiKUtwL._AC_UL320_.jpg","486","B0D8PQLGTH"
"JAIPURI COTTON KURTI","https://m.media-amazon.com/images/I/81kAx7JpyJL._AC_UL320_.jpg","499","B0BWFLCS68"
"SANGANER EXPORTS","https://m.media-amazon.com/images/I/81BcDHdjMCL._AC_UL320_.jpg","349","B0CVK6LX93"
"Amazon Brand - Myx","https://m.media-amazon.com/images/I/71pR+3tcn8L._AC_UL320_.jpg","299","B0B933JKKJ"
"LABULY","https://m.media-amazon.com/images/I/81lVFro-nGL._AC_UL320_.jpg","474","B0DR6981F8"
"Libas","https://m.media-amazon.com/images/I/812Nd2u6gqL._AC_UL320_.jpg","349","B0DTFB4FLZ"
"GARSAZ","https://m.media-amazon.com/images/I/51997G4wQ2L._AC_UL320_.jpg","379","B0DVBMP172"
"Shivgami Creation","https://m.media-amazon.com/images/I/51g9VX0V0zL._AC_UL320_.jpg","270","B0CL4QLYMW"
"LIBOZA","https://m.media-amazon.com/images/I/71RnHzHrULL._AC_UL320_.jpg","474","B0CVS3Z9ZJ"
"Yash Gallery","https://m.media-amazon.com/images/I/81T6YFiExMS._AC_UL320_.jpg","468","B097N54VJN"
"Zivame","https://m.media-amazon.com/images/I/61uJZoDeyzL._AC_UL320_.jpg","430","B084HDJP5M"
"miss fame","https://m.media-amazon.com/images/I/811Tn3vwsHL._AC_UL320_.jpg","339","B0CBCN9CCQ"
"POISED","https://m.media-amazon.com/images/I/81LEC03GiPL._AC_UL320_.jpg","409","B0DJJDFQHD"
"FESNOVA","https://m.media-amazon.com/images/I/31HCeO5BsDL._AC_UL320_.jpg","299","B0CC2HNTVT"
"MIRCHI FASHION","https://m.media-amazon.com/images/I/81+KZdWeTUL._AC_UL320_.jpg","399","B0D1R8MQ41"
"GLAM BALA","https://m.media-amazon.com/images/I/61tkqkWKVHL._AC_UL320_.jpg","489","B0CGLM1FWW"
"MIRCHI FASHION","https://m.media-amazon.com/images/I/81RhRRtzblL._AC_UL320_.jpg","399","B0DNQZHMGN"
"Avayayat","https://m.media-amazon.com/images/I/81SNUa1YsIL._AC_UL320_.jpg","499","B0DPMT5XMM"
"ANNI DESIGNER","https://m.media-amazon.com/images/I/51CaJuDIWiL._AC_UL320_.jpg","499","B0GG459CD4"
"Leriya Fashion","https://m.media-amazon.com/images/I/71Shd-KZM+L._AC_UL320_.jpg","499","B0DGF13VTV"
"HARSUKHI","https://m.media-amazon.com/images/I/41AF8XK8QAL._AC_UL320_.jpg","399","B0BQRFQBGD"
"Yash Gallery","https://m.media-amazon.com/images/I/71IlQp8x9hL._AC_UL320_.jpg","479","B0BTJ47Q5K"